tarea,modo,workers,corridas,media_recortada_s,speedup,eficiencia,cpu_porcentaje,nucleos_usados,heap_pico_mb,memoria_asignada_mb,tiempos_s
limpieza,secuencial,1,10,14.4935,1.000,1.000,16.4,1.97,4.5,4752.2,11.1545;14.9409;13.8752;14.2482;14.0559;14.6210;14.7443;15.2310;14.6915;14.7709
limpieza,concurrente,1,10,13.4157,1.080,1.080,22.0,2.64,4.7,4752.5,13.7373;13.0927;13.6281;13.3027;13.4147;13.4617;13.1332;13.7936;13.1134;13.5346
limpieza,concurrente,2,10,14.0190,1.034,0.517,23.0,2.76,4.6,4752.7,14.7030;13.9742;13.9206;13.4316;13.6316;13.9451;13.4598;14.2706;14.4856;14.4648
limpieza,concurrente,4,10,14.5131,0.999,0.250,25.1,3.01,4.7,4752.9,15.0046;14.2671;15.1444;14.4507;14.8380;14.4265;14.4299;14.2402;14.4483;14.1217
limpieza,concurrente,8,10,14.8399,0.977,0.122,25.6,3.07,4.5,4753.0,14.7832;15.7767;15.2009;14.5446;14.5127;14.6565;14.2529;14.6274;14.6172;15.9962
random-forest,secuencial,1,10,12.9868,1.000,1.000,9.7,1.16,82.1,5545.2,13.0899;12.8791;13.0544;12.9025;13.1670;12.9434;12.8742;12.9836;12.7622;13.3055
random-forest,concurrente,1,10,13.0702,0.994,0.994,9.6,1.15,80.8,5545.2,13.4791;13.0104;12.9376;13.0872;12.8349;12.9407;12.7659;13.0472;13.4109;13.2925
random-forest,concurrente,2,10,8.6792,1.496,0.748,20.3,2.44,107.0,5545.2,8.5336;8.7977;8.6419;8.6189;8.8235;8.8601;8.5374;8.3747;8.7942;8.6867
random-forest,concurrente,4,10,6.6018,1.967,0.492,38.0,4.55,173.2,5545.2,6.8654;7.0260;6.4135;6.6163;6.5019;6.4246;7.0141;6.3516;6.5046;6.4742
random-forest,concurrente,8,10,6.0680,2.140,0.268,63.8,7.66,264.0,5545.2,6.0261;6.0190;5.9657;6.0076;6.4099;6.1177;6.0245;5.9885;6.1164;6.2446
